{
	"version": 2,
	"$schema": "https://schemas.wp.org/trunk/theme.json",
	"settings": {
		"appearanceTools": true,
		"color": {
			"palette": [
				{
					"slug": "base",
					"color": "#ffffff",
					"name": "Base"
				},
				{
					"slug": "contrast",
					"color": "#1f2937",
					"name": "Contrast"
				},
				{
					"slug": "primary",
					"color": "#4b4efc",
					"name": "Primary"
				},
				{
					"slug": "secondary",
					"color": "#f4f94b",
					"name": "Secondary"
				},
				{
					"slug": "transparent",
					"color": "transparent",
					"name": "Transparent"
				}
			],
			"gradients": [
				{
					"slug": "d-transparent-primary",
					"gradient": "linear-gradient(to bottom right,transparent 49.9%,#4b4efc 50%)",
					"name": "Diagonal transparent to primary"
				},
				{
					"slug": "d-primary-transparent",
					"gradient": "linear-gradient(to bottom right, #4b4efc 49.9%, transparent 50%)",
					"name": "Diagonal primary to transparent"
				},
				{
					"slug": "d-white-primary",
					"gradient": "linear-gradient(to bottom right,#fff 49.9%,#4b4efc 50%)",
					"name": "Diagonal white to primary"
				},
				{
					"slug": "d-primary-white",
					"gradient": "linear-gradient(to bottom right,#4b4efc 49.9%,#fff 50%)",
					"name": "Diagonal primary to white"
				},
				{
					"slug": "h-primary-white",
					"gradient": "linear-gradient(#4b4efc 49.9%,#fff 50%)",
					"name": "Horizontal primary to white"
				},
				{
					"slug": "h-white-primary",
					"gradient": "linear-gradient(#fff 49.9%,#4b4efc 50%)",
					"name": "Horizontal white to primary"
				},
				{
					"slug": "v-primary-white",
					"gradient": "linear-gradient(to right, #4b4efc 49.9%,#fff 50%)",
					"name": "Vertical primary to white"
				},
				{
					"slug": "v-white-primary",
					"gradient": "linear-gradient(to right, #fff 49.9%,#4b4efc 50%)",
					"name": "Vertical white to primary"
				}
			],
			"duotone": [
				{
					"colors": [ "#f4f94b", "#4b4efc" ],
					"slug": "secondary-primary",
					"name": "Secondary and primary"
				},
				{
					"colors": [ "#4b4efc", "#f0f0f1" ],
					"slug": "primary-contrast",
					"name": "Primary and foreground"
				},
				{
					"colors": [ "#ffffff", "#f0f0f1" ],
					"slug": "base-contrast",
					"name": "background and foreground"
				}
			]
		},
		"layout": {
			"contentSize": "800px",
			"wideSize": "1280px"
		},
		"spacing": {
			"units": [ "px", "em", "rem", "vh", "vw", "%" ],
			"spacingScale": {
				"steps": 7
			},
			"spacingSizes": [
				{
					"size": "0.44rem",
					"slug": "20",
					"name": "2"
				},
				{
					"size": "0.67rem",
					"slug": "30",
					"name": "3"
				},
				{
					"size": "1rem",
					"slug": "40",
					"name": "4"
				},
				{
					"size": "1.5rem",
					"slug": "50",
					"name": "5"
				},
				{
					"size": "2.25rem",
					"slug": "60",
					"name": "6"
				},
				{
					"size": "clamp(2.25rem, 10vw, 3.38rem)",
					"slug": "70",
					"name": "7"
				},
				{
					"size": "clamp(3.38rem, 10vw, 5.06rem)",
					"slug": "80",
					"name": "8"
				}
			]
		},
		"typography": {
			"dropCap": true,
			"fluid": true,
			"fontFamilies": [
				{
					"name": "System",
					"slug": "system",
					"fontFamily": "-apple-system,BlinkMacSystemFont,\"Segoe UI\",Roboto,Oxygen-Sans,Ubuntu,Cantarell,\"Helvetica Neue\",sans-serif"
				},
				{
					"name": "Serif",
					"slug": "serif",
					"fontFamily": "\"Times New Roman\",\"New York\",Times,\"Noto Serif\",serif"
				},
				{
					"name": "Monospace",
					"slug": "monospace",
					"fontFamily": "Consolas,Menlo,Monaco,\"SF Mono\",\"DejaVu Sans Mono\",\"Roboto Mono\",\"Courier New\",Courier,monospace"
				},
				{
					"name": "Lora",
					"slug": "lora",
					"fontFamily": "Lora,\"Times New Roman\",\"New York\",Times,\"Noto Serif\",serif",
					"fontFace": [
						{
							"fontFamily": "Lora",
							"fontWeight": "200 900",
							"fontStyle": "normal",
							"fontStretch": "normal",
							"src": [ "file:./assets/fonts/lora-v23-latin-ext_latin-regular.woff2" ]
						},
						{
							"fontFamily": "Lora",
							"fontWeight": "200 900",
							"fontStyle": "italic",
							"fontStretch": "normal",
							"src": [ "file:./assets/fonts/lora-v23-latin-ext_latin-italic.woff2" ]
						}
					]
				}
			],
			"fontSizes": [
				{
					"slug": "extra-small",
					"size": "1rem",
					"name": "Extra small",
					"fluid": false
				},
				{
					"slug": "small",
					"size": "1.125rem",
					"name": "Small",
					"fluid": false
				},
				{
					"slug": "medium",
					"size": "1.25rem",
					"name": "Medium",
					"fluid": {
						"min": "1.25rem",
						"max": "1.5rem"
					}
				},
				{
					"slug": "large",
					"size": "2rem",
					"name": "Large",
					"fluid": {
						"min": "1.75rem",
						"max": "2rem"
					}
				},
				{
					"slug": "x-large",
					"size": "2.75rem",
					"name": "XL",
					"fluid": {
						"min": "2.5rem",
						"max": "2.75rem"
					}
				},
				{
					"slug": "xx-large",
					"size": "3.75rem",
					"name": "XXL",
					"fluid": {
						"min": "3rem",
						"max": "3.75rem"
					}
				}
			]
		},
		"useRootPaddingAwareAlignments": true
	},
	"styles": {
		"blocks": {
			"core/comment-author-name": {
				"typography": {
					"fontSize": "var(--wp--preset--font-size--small)"
				}
			},
			"core/comment-date": {
				"typography": {
					"fontSize": "var(--wp--preset--font-size--small)"
				}
			},
			"core/comment-edit-link": {
				"typography": {
					"fontSize": "var(--wp--preset--font-size--small)"
				}
			},
			"core/comment-reply-link": {
				"typography": {
					"fontSize": "var(--wp--preset--font-size--small)"
				}
			},
			"core/details": {
				"color": {
					"text": "var(--wp--preset--color--base)",
					"background": "var(--wp--preset--color--secondary)"
				},
				"spacing": {
					"padding": {
						"top": "var(--wp--preset--spacing--30)",
						"right": "var(--wp--preset--spacing--30)",
						"bottom": "var(--wp--preset--spacing--30)",
						"left": "var(--wp--preset--spacing--30)"
					}
				}
			},
			"core/footnotes": {
				"typography": {
					"fontSize": "var(--wp--preset--font-size--extra-small)"
				},
				"color": {
					"text": "var(--wp--preset--color--secondary)"
				},
				"elements": {
					"link": {
						"color": {
							"text": "var(--wp--preset--color--secondary)"
						}
					}
				}
			},
			"core/latest-comments": {
				"spacing": {
					"padding": {
						"left": "0px"
					}
				}
			},
			"core/navigation": {
				"elements": {
					"link": {
						"typography": {
							"textDecoration": "underline"
						},
						":hover": {
							"typography": {
								"textDecoration": "none"
							}
						}
					}
				}
			},
			"core/page-list": {
				"elements": {
					"link": {
						"typography": {
							"textDecoration": "underline"
						},
						":hover": {
							"typography": {
								"textDecoration": "none"
							}
						}
					}
				}
			},
			"core/separator": {
				"color": {
					"background": "var(--wp--preset--color--secondary)"
				}
			},
			"core/post-author-name": {
				"typography": {
					"fontSize": "var(--wp--preset--font-size--extra-small)"
				},
				"color": {
					"text": "var(--wp--preset--color--secondary)"
				},
				"elements": {
					"link": {
						"color": {
							"text": "var(--wp--preset--color--secondary)"
						}
					}
				}
			},
			"core/post-content": {
				"spacing": {
					"padding": {
						"top": "var(--wp--preset--spacing--60)",
						"bottom": "var(--wp--preset--spacing--60)"
					}
				}
			},
			"core/post-date": {
				"typography": {
					"fontSize": "var(--wp--preset--font-size--extra-small)"
				},
				"color": {
					"text": "var(--wp--preset--color--secondary)"
				},
				"elements": {
					"link": {
						"color": {
							"text": "var(--wp--preset--color--secondary)"
						}
					}
				}
			},
			"core/post-navigation-link": {
				"typography": {
					"fontWeight": "700"
				}
			},
			"core/post-terms": {
				"typography": {
					"fontSize": "var(--wp--preset--font-size--extra-small)"
				},
				"color": {
					"text": "var(--wp--preset--color--secondary)"
				},
				"elements": {
					"link": {
						"color": {
							"text": "var(--wp--preset--color--secondary)"
						}
					}
				}
			},
			"core/post-title": {
				"typography": {
					"fontSize": "var(--wp--preset--font-size--x-large)"
				}
			},
			"core/query-pagination": {
				"typography": {
					"fontWeight": "700"
				},
				"spacing": {
					"padding": {
						"top": "var(--wp--preset--spacing--60)",
						"bottom": "var(--wp--preset--spacing--60)"
					}
				}
			},
			"core/query-title": {
				"typography": {
					"fontSize": "var(--wp--preset--font-size--x-large)"
				}
			},
			"core/search": {
				"typography": {
					"fontSize": "var(--wp--preset--font-size--small)"
				}
			},
			"core/site-title": {
				"typography": {
					"fontSize": "var(--wp--preset--font-size--medium)"
				}
			},
			"woocommerce/product-categories": {
				"css": "& ul{list-style:none;} & ul:first-child{padding-left:0;}"
			},
			"woocommerce/product-price": {
				"color": {
					"text": "var(--wp--preset--color--contrast)"
				},
				"elements": {
					"link":{
						"color": {
							"text": "var(--wp--preset--color--contrast)"
						}
					}
				}
			},
			"woocommerce/filter-wrapper": {
				"elements": {
					"heading": {
						"typography": {
							"fontSize": "var(--wp--preset--font-size--medium)",
							"fontWeight": "400"
						}
					}
				}
			},
			"yoast/faq-block": {
				"css" : "& .schema-faq-section { background: var(--wp--preset--color--secondary); color: var(--wp--preset--color--base); padding: 8px 4px 8px 32px; margin: 4px 0;} & .schema-faq-answer{line-height: inherit; margin: 0;}"
			}
		},
		"color": {
			"background": "var(--wp--preset--color--base)",
			"text": "var(--wp--preset--color--contrast)"
		},
		"css": ".sidebar{ background: var(--wp--preset--color--primary); border-radius: 4px;}",
		"elements": {
			"link": {
				"color": {
					"text": "var(--wp--preset--color--contrast)"
				},
				":hover": {
					"color": {
						"text": "var(--wp--preset--color--contrast)"
					},
					"typography": {
						"textDecoration": "none"
					}
				},
				":focus": {
					"color": {
						"text": "var(--wp--preset--color--contrast)"
					}
				},
				":active": {
					"color": {
						"text": "var(--wp--preset--color--contrast)"
					}
				}
			},
			"button": {
				"border": {
					"color": "var(--wp--preset--color--transparent)",
					"width": "4px",
					"style": "solid",
					"radius": "4px"
				},
				"color": {
					"background": "var(--wp--preset--color--primary)",
					"text": "var(--wp--preset--color--contrast)"
				},
				"typography": {
					"fontSize": "var(--wp--preset--font-size--small)",
					"fontWeight": "700"
				},
				"shadow": "var(--wp--preset--shadow--natural)",
				":hover": {
					"border": {
						"color": "var(--wp--preset--color--secondary)"
					}
				}
			}
		},
		"typography": {
			"fontSize": "var(--wp--preset--font-size--medium)",
			"fontFamily": "var(--wp--preset--font-family--system)",
			"lineHeight": "1.7"
		},
		"spacing":{
			"blockGap": "1.7rem",
			"padding": {
				"top": "var(--wp--preset--spacing--60)",
				"right": "var(--wp--preset--spacing--60)",
				"bottom": "var(--wp--preset--spacing--60)",
				"left": "var(--wp--preset--spacing--60)"
			}
		}
	},
	"templateParts": [
		{
			"name": "header",
			"title": "Header",
			"area": "header"
		},
		{
			"name": "narrow-header",
			"title": "Narrow header",
			"area": "header"
		},
		{
			"name": "footer",
			"title": "Footer",
			"area": "footer"
		},
		{
			"name": "narrow-footer",
			"title": "Narrow footer",
			"area": "footer"
		},
		{
			"name": "sidebar",
			"title": "Sidebar",
			"area": "uncategorized"
		},
		{
			"name": "post-navigation",
			"title": "Post navigation",
			"area": "uncategorized"
		},
		{
			"name": "comments",
			"title": "Comments",
			"area": "uncategorized"
		}
	],
	"customTemplates": [
		{
			"name": "no-title",
			"title": "No title",
			"postTypes": [ "post","page" ]
		},
		{
			"name": "featured-image",
			"title": "Featured image in header",
			"postTypes": [ "post","page" ]
		},
		{
			"name": "sidebar-page-template",
			"title": "Page with sidebar",
			"postTypes": [ "page" ]
		},
		{
			"name": "sidebar-post-template",
			"title": "Post with sidebar",
			"postTypes": [ "post" ]
		},
		{
			"name": "single-product",
			"title": "Single product"
		},
		{
			"name": "archive-product",
			"title": "Shop (Product archive)"
		}
	]
}
